keywords,body_part,department,doctor_time,advice,warning
"脖子痛,頸部痠痛,手麻,落枕,頸椎退化,椎間盤突出,骨刺,頸椎脊髓病變,後縱韌帶鈣化",頸椎,脊椎外科,高醫師(週一三五 早上/下午),建議由骨科醫師評估，必要時安排影像檢查(X光／MRI),若出現手部麻木無力持續加重或步態不穩，請盡快就醫
"下背痛,腰痛,坐骨神經痛,腳麻,腰椎退化,腰椎滑脫,脊椎滑脫,脊椎狹窄,骨刺",腰椎,脊椎外科,高醫師(週一三五 早上/下午),建議預約骨科門診，避免久坐久站並注意姿勢,若出現大小便失禁或下肢無力癱瘓，屬於急症，請立即就醫
"脊椎側彎,駝背,脊椎畸形,青少年脊椎側彎,姿勢不良合併脊椎變形",脊椎,脊椎外科,高醫師(週一三五 早上/下午),建議由骨科醫師評估側彎角度，必要時安排X光追蹤或矯正治療,若側彎快速惡化或合併呼吸困難，請盡快就醫
"骨質疏鬆壓迫性骨折,脊椎壓迫性骨折,脊椎腫瘤,脊椎感染,脊椎創傷,脊椎骨折,脊椎內視鏡手術,顯微脊椎手術,微創脊椎手術",脊椎,脊椎外科,高醫師(週一三五 早上/下午),建議由骨科醫師評估是否需手術治療(如脊椎內視鏡、顯微或微創手術),若合併發燒、劇烈疼痛或神經症狀惡化，請盡快就醫
"肩膀痛,五十肩,舉手困難,夜間痛,肩膀運動傷害,旋轉肌破裂,旋轉肌袖損傷,旋轉肌修補",肩關節,運動醫學科,曾醫師(週二四 下午/晚上；六 早上),建議由骨科醫師評估旋轉肌袖狀況，必要時安排超音波或MRI,若因外傷造成且完全無法抬手，請盡快就醫排除骨折
"網球肘,手肘外側痛,高爾夫球肘,手肘運動傷害",肘腕,運動醫學科,曾醫師(週二四 下午/晚上；六 早上),建議由骨科醫師評估，可先減少重複性動作並冰敷,若疼痛持續加劇或合併手臂無力，請盡快就醫
"膝部運動傷害,前十字韌帶損傷,前十字韌帶重建,半月板損傷,軟骨損傷,膝蓋扭傷,韌帶撕裂",膝關節,運動醫學科,曾醫師(週二四 下午/晚上；六 早上),建議由骨科醫師評估韌帶及半月板狀況，必要時安排關節鏡手術,若膝蓋無法伸直彎曲、明顯腫脹或無法承重，請盡快就醫
"肩關節鏡,膝關節鏡,踝關節鏡,腕關節鏡,軟骨移植,運動功能重建,肌腱損傷,韌帶損傷",全身關節,運動醫學科,曾醫師(週二四 下午/晚上；六 早上),建議由骨科醫師評估是否適合關節鏡微創手術,若合併關節劇烈腫脹發熱，請盡快就醫
"膝蓋痛,退化性關節炎,膝蓋腫,上下樓梯痛,關節退化,髖關節退化,踝關節退化,肩關節退化",膝關節,關節重建科,曾醫師(週二四 下午/晚上；六 早上),建議預約骨科門診，可先冰敷並減少負重活動,若膝蓋明顯變形、劇烈腫脹或無法伸直彎曲，請盡快就醫
"人工髖關節置換,人工膝關節置換,人工踝關節置換,關節重建手術,微創人工關節手術,換人工關節",髖關節,關節重建科,曾醫師(週二四 下午/晚上；六 早上),建議由骨科醫師評估是否需人工關節置換手術，可討論微創手術選項,若無法站立或負重行走，請盡快就醫
"髖關節痛,鼠蹊部痛,大腿根部痛,走路痛,髖關節疾病",髖關節,關節重建科,曾醫師(週二四 下午/晚上；六 早上),建議由骨科醫師評估退化程度,若無法站立或負重行走，請盡快就醫
"玻尿酸注射,PRP注射,關節內注射,退化性關節炎保守治療",膝關節,關節重建科,曾醫師(週二四 下午/晚上；六 早上),建議由骨科醫師評估是否適合玻尿酸或PRP注射治療,注射後若出現紅腫熱痛加劇或發燒，請盡快就醫
"手肘痛,手腕痛,媽媽手,腕隧道症候群,手指麻,板機指,手指卡住,腕隧道",肘腕,手外科,林醫師(週一三五 晚上；二四六 早上),建議由骨科醫師評估，可先減少重複性動作,若手指持續麻木無力或膚色改變，請盡快就醫
"手部肌腱損傷,手部軟組織損傷,手部畸形,手部攣縮,肘關節疾病,顯微手術,軟組織重建",肘腕,手外科,林醫師(週一三五 晚上；二四六 早上),建議由骨科醫師評估手部功能與外觀矯正選項,若合併傷口感染或肢體壞死徵象，請盡快就醫
"腕關節鏡手術,手腕韌帶損傷,三角纖維軟骨複合體損傷",肘腕,手外科,林醫師(週一三五 晚上；二四六 早上),建議由骨科醫師評估是否需腕關節鏡手術,若手腕明顯變形或劇烈疼痛，請盡快就醫
"腳踝扭傷,腳跟痛,足底筋膜炎,腳踝腫,踝韌帶斷裂,踝關節疾病",足踝,足踝外科,林醫師(週一三五 晚上；二四六 早上),建議預約骨科門診，急性期先冰敷並抬高患肢,若完全無法承重行走或關節明顯變形，請盡快就醫
"阿基里斯腱損傷,阿基里斯腱斷裂,阿基里斯腱微創修補,跟腱疼痛",足踝,足踝外科,林醫師(週一三五 晚上；二四六 早上),建議由骨科醫師評估，必要時安排微創修補手術,若無法踮腳尖或跟腱明顯凹陷，請盡快就醫
"拇趾外翻,足部畸形,足踝關節鏡手術,人工踝關節置換",足踝,足踝外科,林醫師(週一三五 晚上；二四六 早上),建議由骨科醫師評估矯正或手術選項,若合併嚴重疼痛影響行走，請盡快就醫
"跌倒,車禍,骨折,外傷,撞擊,骨頭外露,上肢骨折,下肢骨折,手腕骨折,手部骨折,肘部骨折",外傷,骨折創傷科,林醫師(週一三五 晚上；二四六 早上),建議立即就醫或前往急診進行X光檢查,若有傷口大量出血、骨頭外露或肢體發黑冰冷，請立即撥打119
"髖部骨折,股骨骨折,膝部骨折,骨盆骨折,髖臼骨折,足踝骨折",外傷,骨折創傷科,林醫師(週一三五 晚上；二四六 早上),建議立即由骨科醫師評估，安排影像檢查與手術規劃,若無法站立或劇烈疼痛，請立即就醫
"開放性骨折,複雜性骨折,肌腱斷裂,外傷修補,肢體變形矯正",外傷,骨折創傷科,林醫師(週一三五 晚上；二四六 早上),建議立即就醫或前往急診，可能需微創固定或重建手術,若傷口大量出血、骨頭外露或肢體發黑冰冷，請立即撥打119
"骨質疏鬆,容易骨折,停經後骨鬆,駝背,骨密度不足,骨代謝疾病",全身骨骼,骨質疏鬆症門診,高醫師(週一三五 早上/下午),建議由骨科醫師安排骨密度檢測(DXA),若因輕微跌倒即造成骨折(脆弱性骨折)，請盡快就醫評估
"兒童骨折,小孩骨折,兒童運動傷害,兒童跌倒,小朋友手腳受傷",兒童,兒童骨科,林醫師(週一三五 晚上；二四六 早上),建議由骨科醫師評估，兒童骨骼癒合快但需注意生長板損傷,若肢體明顯變形、劇烈疼痛或無法活動，請盡快就醫
"兒童髖關節疾病,兒童髖關節脫臼,發育性髖關節發育不良",兒童,兒童骨科,林醫師(週一三五 晚上；二四六 早上),建議由骨科醫師評估髖關節發育狀況,若走路明顯跛行或雙腿不對稱，請盡快就醫
"O型腿,X型腿,扁平足,斜頸症,生長痛,肢體不對稱",兒童,兒童骨科,林醫師(週一三五 晚上；二四六 早上),建議由骨科醫師評估是否為正常生長階段或需矯正治療,若合併明顯疼痛、單側惡化或發育遲緩，請盡快就醫
"先天性骨骼問題,發育性骨骼問題,肢體延長手術,肢體畸形矯正手術",兒童,兒童骨科,林醫師(週一三五 晚上；二四六 早上),建議由骨科醫師評估治療與手術時機,若肢體長短差異持續擴大，請盡快就醫
"骨骼肌肉腫瘤,骨腫瘤,軟組織腫瘤,骨頭長腫塊,肢體腫塊,骨癌疑慮",腫瘤,骨骼腫瘤科,高醫師(週一三五 早上/下午),建議轉診至醫學中心骨腫瘤專科，安排影像檢查與切片評估,若腫塊快速增大、劇烈疼痛或合併體重下降，請盡快就醫
"骨髓炎,骨頭發炎,慢性骨感染,關節炎,骨骼疾病",腫瘤,骨骼腫瘤科,高醫師(週一三五 早上/下午),建議轉診至醫院骨科評估感染程度，必要時安排手術清創,若合併高燒、劇烈紅腫熱痛，請盡快就醫
"慢性骨髓炎高壓氧,骨髓炎輔助治療,高壓氧治療",高壓氧,高壓氧治療中心,高醫師(週一三五 早上/下午),建議轉診至設有高壓氧治療中心的醫院，評估是否適合輔助治療慢性骨髓炎,若傷口持續惡化或發燒，請盡快就醫
"一氧化碳中毒,放射性骨壞死,複雜傷口,組織缺氧,高壓氧治療",高壓氧,高壓氧治療中心,高醫師(週一三五 早上/下午),建議轉診至設有高壓氧治療中心的醫院，評估治療療程,若意識不清、呼吸困難，請立即撥打119或前往急診
"閃到腰,急性腰扭傷,彎腰搬重物後腰痛,腰部肌肉拉傷,腰痛無法挺直",腰椎,脊椎外科,高醫師(週一三五 早上/下午),建議由骨科醫師評估，急性期可冰敷、避免搬重物，多數數天到數週內會改善,若合併腳麻無力、大小便異常或發燒，請盡快就醫
"上背痛,胸椎痛,背部僵硬,肩胛骨中間痛,背痛翻身痛",胸椎,脊椎外科,高醫師(週一三五 早上/下午),建議由骨科醫師評估，必要時安排X光檢查，平時注意坐姿並適度伸展,若背痛合併胸悶、呼吸困難或冒冷汗，可能不是骨科問題，請立即就醫
"肩頸僵硬,低頭族,長時間用電腦脖子痠,頸部緊繃,頸因性頭痛",頸椎,脊椎外科,高醫師(週一三五 早上/下午),建議由骨科醫師評估頸椎狀況，搭配姿勢調整與頸部伸展運動,若頭痛劇烈、突然發生或合併肢體無力、說話不清，請立即就醫
"大腿後側拉傷,腿後肌拉傷,跑步大腿後面痛,衝刺時大腿抽痛",大腿,運動醫學科,曾醫師(週二四 下午/晚上；六 早上),建議由骨科醫師評估拉傷程度，急性期休息冰敷，之後循序漸進恢復訓練,若大腿出現大片瘀青、明顯凹陷或無法走路，請盡快就醫
"跑者膝,跳躍膝,髕骨肌腱炎,膝蓋前方痛,蹲下膝蓋痛,爬樓梯膝蓋前面痛",膝關節,運動醫學科,曾醫師(週二四 下午/晚上；六 早上),建議由骨科醫師評估，調整運動量並加強大腿肌力訓練,若膝蓋明顯腫脹、發熱或無法彎曲，請盡快就醫
"肩膀脫臼,習慣性肩膀脫臼,肩膀滑出來,肩關節不穩定,投擲時肩膀痛",肩關節,運動醫學科,曾醫師(週二四 下午/晚上；六 早上),建議由骨科醫師評估肩關節穩定度，必要時安排影像檢查或關節鏡治療,若肩膀脫臼無法自行復位、手臂麻木或變色，請立即前往急診
"膝蓋變形,膝蓋無力,膝蓋卡住,老年O型腿,走路膝蓋痛越來越嚴重",膝關節,關節重建科,曾醫師(週二四 下午/晚上；六 早上),建議由骨科醫師評估退化程度，依嚴重度考慮復健、藥物、注射或人工關節手術,若膝蓋突然紅腫熱痛合併發燒，請盡快就醫
"股骨頭壞死,髖關節缺血性壞死,長期喝酒髖部痛,長期使用類固醇髖部痛",髖關節,關節重建科,曾醫師(週二四 下午/晚上；六 早上),建議由骨科醫師評估，安排X光或MRI檢查確認壞死程度,若髖部疼痛突然加劇、無法承重走路，請盡快就醫
"人工關節術後追蹤,人工關節鬆脫,人工關節疼痛,換完關節還是痛,人工關節術後腫",膝關節,關節重建科,曾醫師(週二四 下午/晚上；六 早上),建議回診追蹤，由醫師評估人工關節狀況,若人工關節部位紅腫熱痛、傷口流膿或發燒，可能是感染，請盡快就醫
"腱鞘囊腫,手腕腫塊,手腕長東西,手背突起,手腕軟軟的腫包",肘腕,手外科,林醫師(週一三五 晚上；二四六 早上),建議由骨科醫師評估，多數為良性，依大小與症狀決定追蹤、抽吸或手術,若腫塊快速變大、變硬或合併手指麻木無力，請盡快就醫
"肘隧道症候群,小指麻,無名指麻,手肘內側痛,手肘彎曲久了手麻",肘腕,手外科,林醫師(週一三五 晚上；二四六 早上),建議由骨科醫師評估尺神經壓迫程度，避免長時間彎曲手肘,若手部肌肉明顯萎縮或抓握無力，請盡快就醫
"手指扭傷,手指挫傷,手指脫臼,吃蘿蔔乾,手指腫痛彎不起來,打球手指受傷",肘腕,手外科,林醫師(週一三五 晚上；二四六 早上),建議由骨科醫師評估，必要時安排X光排除骨折，受傷初期可冰敷、抬高,若手指明顯變形、麻木或顏色變白變紫，請立即就醫
"手指關節腫大,手指退化性關節炎,手指關節變形,手指早上僵硬",肘腕,手外科,林醫師(週一三五 晚上；二四六 早上),建議由骨科醫師評估，可搭配護具、藥物或復健減緩疼痛,若多處關節同時紅腫熱痛，建議同時考慮風濕免疫科評估
"扁平足,足弓痛,走久腳底痛,腳掌塌陷,成人扁平足",足踝,足踝外科,林醫師(週一三五 晚上；二四六 早上),建議由骨科醫師評估，必要時使用足弓鞋墊並加強足部肌力,若單側足弓突然塌陷合併內側腳踝腫痛，請盡快就醫
"腳掌前端痛,腳趾間麻痛,摩頓神經瘤,穿高跟鞋腳掌痛,前足痛",足踝,足踝外科,林醫師(週一三五 晚上；二四六 早上),建議由骨科醫師評估，先改穿前端寬鬆的鞋子，必要時使用鞋墊,若腳趾出現傷口不癒合或變色，請盡快就醫
"腳踝反覆扭傷,腳踝不穩,腳踝常常拐到,踝關節不穩定,走路腳踝容易翻",足踝,足踝外科,林醫師(週一三五 晚上；二四六 早上),建議由骨科醫師評估韌帶狀況，加強平衡與腳踝肌力訓練，必要時考慮手術,若扭傷後無法承重或明顯變形，請盡快就醫排除骨折
"鎖骨骨折,鎖骨痛,跌倒肩膀著地,騎車摔倒肩膀痛,鎖骨突起",外傷,骨折創傷科,林醫師(週一三五 晚上；二四六 早上),建議由骨科醫師安排X光檢查，依骨折位置決定固定或手術,若手臂麻木、無力或皮膚被骨頭頂起，請立即前往急診
"骨折術後追蹤,鋼釘移除,骨釘取出,骨折癒合不良,骨折後還是痛",外傷,骨折創傷科,林醫師(週一三五 晚上；二四六 早上),建議回診追蹤，由醫師依X光評估癒合情況與是否移除內固定,若傷口紅腫流膿或發燒，可能是感染，請盡快就醫
"關節脫臼,手肘脫臼,手指脫臼,關節錯位,關節跑出來",外傷,骨折創傷科,林醫師(週一三五 晚上；二四六 早上),脫臼不要自行硬推回去，建議盡快由骨科醫師評估復位並檢查是否合併骨折,若肢體麻木、冰冷或變色，請立即前往急診
"骨密度檢查,骨質密度,DXA檢查,想檢查骨鬆,T值偏低",全身骨骼,骨質疏鬆症門診,高醫師(週一三五 早上/下午),建議由骨科醫師安排骨密度檢查，並評估骨折風險,若已出現背痛加劇或身高明顯變矮，可能已有壓迫性骨折，請盡快就醫
"身高變矮,越來越駝,彎腰駝背,老人背痛,脊椎變形變矮",全身骨骼,骨質疏鬆症門診,高醫師(週一三五 早上/下午),建議由骨科醫師評估是否有骨鬆與脊椎壓迫性骨折,若背痛突然加劇或合併腳麻無力，請盡快就醫
"輕微跌倒就骨折,脆弱性骨折,打噴嚏就骨折,容易骨折,骨頭很脆",全身骨骼,骨質疏鬆症門診,高醫師(週一三五 早上/下午),骨折處理完後建議預約骨科門診，評估骨鬆治療以預防再次骨折,新發生骨折仍須先由骨科醫師或急診處理
"長期使用類固醇,類固醇骨鬆,更年期骨鬆,男性骨質疏鬆,洗腎骨鬆",全身骨骼,骨質疏鬆症門診,高醫師(週一三五 早上/下午),建議定期回診追蹤骨密度，由醫師評估是否需要藥物治療,若出現不明原因骨頭疼痛，請盡快就醫
"骨鬆藥物,骨鬆打針,骨鬆治療追蹤,補鈣,維生素D不足",全身骨骼,骨質疏鬆症門診,高醫師(週一三五 早上/下午),建議回診追蹤治療，並配合適度負重運動、補充鈣質與維生素D,若用藥後出現下顎疼痛、牙齦傷口不癒合或大腿不明疼痛，請告知醫師
"小孩走路內八,小孩走路外八,小朋友走路怪怪的,常常跌倒,走路姿勢異常",兒童,兒童骨科,林醫師(週一三五 晚上；二四六 早上),建議由骨科醫師評估，多數會隨成長改善，醫師會判斷是否需要追蹤,若只有單側異常、越來越明顯或合併疼痛，請盡快就醫
"膝蓋下方突起,奧斯戈德氏症,青少年膝蓋痛,發育期膝蓋痛,運動後膝蓋下方痛",兒童,兒童骨科,林醫師(週一三五 晚上；二四六 早上),建議由骨科醫師評估，通常調整運動量、冰敷與伸展即可改善,若膝蓋腫脹發熱或夜間痛醒，請盡快就醫
"小孩跛行,小孩突然不肯走路,小朋友走路一跛一跛,孩子髖部痛,小孩腳痛不肯踩地",兒童,兒童骨科,林醫師(週一三五 晚上；二四六 早上),建議盡快由骨科醫師評估跛行原因，必要時安排影像或抽血檢查,若合併發燒、關節紅腫或完全無法承重，請立即就醫
"夜間骨頭痛,晚上骨頭痛醒,休息也痛,不明原因骨頭痛,骨頭深處痛",腫瘤,骨骼腫瘤科,高醫師(週一三五 早上/下午),建議轉診至醫學中心骨腫瘤專科評估，安排X光等影像檢查找出原因,若合併體重減輕、發燒或疼痛快速加劇，請盡快就醫
"癌症病史骨頭痛,骨轉移,癌症轉移到骨頭,腫瘤病人骨痛,病理性骨折",腫瘤,骨骼腫瘤科,高醫師(週一三五 早上/下午),建議轉診至醫學中心骨腫瘤專科評估，並與原本的腫瘤科醫師共同討論治療,若出現肢體無力、大小便異常或骨頭突然劇痛，請立即就醫
"良性骨腫瘤,骨囊腫,外生骨疣,骨頭長硬塊,X光看到骨頭有洞",腫瘤,骨骼腫瘤科,高醫師(週一三五 早上/下午),建議轉診至醫學中心骨腫瘤專科評估，多數良性腫瘤可定期追蹤，必要時手術切除,若腫塊快速變大或出現疼痛，請盡快回診
"糖尿病足,腳傷口不會好,足部潰瘍,傷口一直不癒合,慢性傷口",高壓氧,高壓氧治療中心,高醫師(週一三五 早上/下午),建議轉診至設有高壓氧治療中心的醫院，評估是否適合輔助治療，並持續控制血糖與傷口照護,若傷口發黑、發臭或合併發燒，請盡快就醫
"潛水夫病,減壓症,潛水後關節痛,潛水後頭暈,潛水後麻木",高壓氧,高壓氧治療中心,高醫師(週一三五 早上/下午),潛水後出現症狀屬於急症，需要盡快接受高壓氧治療,若出現呼吸困難、意識不清或肢體無力，請立即撥打119
"擠壓傷,壓碎傷,肢體被重物壓到,腔室症候群疑慮,嚴重外傷組織缺氧",高壓氧,高壓氧治療中心,高醫師(週一三五 早上/下午),嚴重擠壓傷須先由急診處理，之後可評估是否以高壓氧輔助治療,若肢體腫脹劇痛、麻木或變色，請立即前往急診
